IO_INSTANCES,TOTAL_THRASHED_MB,PUSH_1_TIME,PUSH_2_TIME,PUSH_3_TIME,PUSH_4_TIME,PUSH_5_TIME,AVG_BULK_SYNC_DURATION,AVG_AUCTION_FETCHING_DURATION,AVG_AUCTION_PERFORMING_DURATION,AVG_FETCHING_CONTAINER_METRICS_DURATION
1,128,0m17.923s,0m16.991s,0m17.783s,0m17.505s,0m22.547s,26.828437ms,2.273792ms,3.536076ms,1.597845ms
10,1280,0m17.451s,0m17.514s,0m17.381s,0m17.715s,0m17.680s,22.838122ms,2.08174ms,3.242649ms,1.548437ms
30,3840,0m17.478s,0m17.020s,0m17.176s,0m17.475s,0m17.823s,23.30161ms,2.112921ms,3.319552ms,1.693994ms
60,7680,0m17.575s,0m22.757s,0m17.224s,1m14.553s,0m56.984s,41.638306ms,2.127872ms,3.42784ms,1.659569ms
100,12800,0m17.341s,0m17.165s,0m17.621s,0m17.647s,0m20.472s,28.251264ms,2.131916ms,3.276953ms,1.565674ms
