IO_INSTANCES,TOTAL_THRASHED_MB,PUSH_1_TIME,PUSH_2_TIME,PUSH_3_TIME,PUSH_4_TIME,PUSH_5_TIME,AVG_BULK_SYNC_DURATION,AVG_AUCTION_FETCHING_DURATION,AVG_AUCTION_PERFORMING_DURATION,AVG_FETCHING_CONTAINER_METRICS_DURATION
1,32,0m17.347s,0m27.016s,0m22.911s,0m17.629s,0m17.333s,29.759402ms,2.514995ms,3.085516ms,1.602067ms
10,320,0m17.645s,0m17.319s,0m17.202s,0m17.455s,0m19.936s,22.756821ms,2.33344ms,3.053721ms,1.594752ms
20,640,0m17.946s,0m19.593s,0m23.336s,0m17.613s,0m17.234s,38.223744ms,2.431846ms,3.052953ms,1.596117ms
40,1280,0m17.487s,0m17.233s,0m17.205s,0m17.910s,0m17.815s,47.67232ms,2.092851ms,3.263641ms,1.694485ms
80,2560,0m17.765s,0m17.355s,0m17.200s,0m17.554s,0m18.231s,132.990999ms,2.086092ms,3.612108ms,1.620757ms
100,3200,0m18.442s,0m19.335s,0m17.299s,0m23.171s,0m17.382s,26.672576ms,2.312704ms,3.087104ms,1.628949ms
