CPU_INSTANCES,AB_THROUGHPUT,AB_THROUGHPUT_UNIT,PUSH_1_TIME,PUSH_2_TIME,PUSH_3_TIME,PUSH_4_TIME,PUSH_5_TIME,AVG_BULK_SYNC_DURATION,AVG_AUCTION_FETCHING_DURATION,AVG_AUCTION_PERFORMING_DURATION,AVG_FETCHING_CONTAINER_METRICS_DURATION
1,124.22,[Kbytes/sec],0m32.001s,0m35.869s,0m31.620s,0m33.780s,0m37.411s,27.288302ms,3.032166ms,3.5531ms,3.238382ms
10,28.14,[Kbytes/sec],0m36.158s,0m36.490s,0m36.911s,0m36.282s,0m36.885s,35.746721ms,9.241676ms,6.491136ms,10.688444ms
20,45.63,[Kbytes/sec],0m41.374s,0m36.315s,0m47.413s,0m40.781s,0m36.311s,35.339088ms,15.689446ms,9.957811ms,15.393374ms
40,52.39,[Kbytes/sec],0m41.926s,0m36.503s,0m36.261s,0m35.904s,3m11.279s,50.319571ms,23.44023ms,11.699174ms,25.01278ms
80,40.56,[Kbytes/sec],0m41.481s,0m41.339s,0m44.396s,0m41.222s,0m38.262s,82.039861ms,48.538752ms,21.602764ms,54.432296ms
100,36.39,[Kbytes/sec],0m41.498s,0m41.680s,0m36.375s,0m42.380s,0m36.961s,93.074647ms,49.665152ms,25.668787ms,74.080215ms
